<keymap version="1" name="Windows copy" parent="$default">
  <action id="ChangesView.GroupBy.Directory" />
  <action id="Git.Commit.And.Push.Executor" />
  <action id="GotoNextBookmark">
    <keyboard-shortcut first-keystroke="ctrl alt n" />
  </action>
  <action id="GotoPreviousBookmark">
    <keyboard-shortcut first-keystroke="ctrl alt p" />
  </action>
  <action id="Hg.Commit.And.Push.Executor" />
  <action id="Inline" />
  <action id="IntroduceParameter" />
  <action id="ServiceView.GroupByServiceGroups" />
  <action id="TodoViewGroupByShowPackages" />
  <action id="ToggleBookmark">
    <keyboard-shortcut first-keystroke="ctrl alt k" />
  </action>
</keymap>